{
  "ccwms": {
    "frc10339": 61.7069184975208,
    "frc1072": 32.33333333333331,
    "frc114": -12.573636161009489,
    "frc115": 82.75930588589644,
    "frc1323": 98.41601836526499,
    "frc1671": 131.5254676165257,
    "frc1678": -67.21995119806142,
    "frc1868": -63.69064182837565,
    "frc192": -68.33333333333337,
    "frc1967": 140.9985123514963,
    "frc2073": -9.588611377701838,
    "frc2135": 32.333333333333286,
    "frc2204": -268.56326366818666,
    "frc253": 29.468379111432178,
    "frc254": 239.47176305012192,
    "frc2813": -93.22810323456665,
    "frc3045": 105.24491560278045,
    "frc3256": -103.41453071676042,
    "frc3257": -73.87995638940475,
    "frc3501": -226.25250242078607,
    "frc3598": 24.000000000000004,
    "frc3970": 50.82300378478811,
    "frc4135": -225.5002010535993,
    "frc4698": 23.999999999999986,
    "frc4990": -68.33333333333326,
    "frc5026": 71.95396266542522,
    "frc5104": -33.93653527821486,
    "frc5419": -52.58842272202713,
    "frc5507": 53.468567767106265,
    "frc5700": 24.000000000000004,
    "frc581": 35.480605655352285,
    "frc5817": -52.811682088431766,
    "frc5940": 68.33333333333344,
    "frc6036": 76.45348474717122,
    "frc604": 76.45348474717156,
    "frc6238": 142.04752498307772,
    "frc6305": -97.99723066664747,
    "frc6418": -183.04961805502302,
    "frc649": 32.333333333333115,
    "frc6662": 68.33333333333336,
    "frc6665": -17.62467834503596,
    "frc670": 129.0316332864931,
    "frc6814": 88.39210207301394,
    "frc6962": -36.75064330992802,
    "frc701": -87.95724897554913,
    "frc7137": -101.25974011660114,
    "frc7419": 25.768931063980887,
    "frc766": -17.62467834503579,
    "frc7667": -254.70968783087318,
    "frc8": -68.33333333333329,
    "frc8033": 18.29853975536119,
    "frc8048": 68.3333333333333,
    "frc840": -204.21318191949547,
    "frc841": 30.828887254567803,
    "frc846": 80.33906603195437,
    "frc8793": -204.21318191949547,
    "frc9400": 268.09303050565734,
    "frc9470": 291.2296167806941,
    "frc971": 93.75972412313492,
    "frc972": -102.36551808517885
  },
  "dprs": {
    "frc10339": 70.72634250473777,
    "frc1072": 75.3333333333331,
    "frc114": 40.16144780232813,
    "frc115": 86.16103968198601,
    "frc1323": 165.22969252083635,
    "frc1671": 81.13994498977476,
    "frc1678": 176.0946431117404,
    "frc1868": 123.37619397193058,
    "frc192": 163.3333333333329,
    "frc1967": -18.543365426241877,
    "frc2073": 116.60019641143651,
    "frc2135": 75.33333333333312,
    "frc2204": 228.46610349150797,
    "frc253": 45.463398034845326,
    "frc254": 83.86916406905777,
    "frc2813": 248.64722212231004,
    "frc3045": 130.9846584568805,
    "frc3256": 127.31367290540534,
    "frc3257": 146.1742146034367,
    "frc3501": 332.3423401490141,
    "frc3598": 46.00000000000009,
    "frc3970": 189.466284244341,
    "frc4135": 232.13563556657678,
    "frc4698": 46.00000000000012,
    "frc4990": 163.33333333333337,
    "frc5026": 54.80871977503635,
    "frc5104": 232.39826094191665,
    "frc5419": 131.3623873617177,
    "frc5507": 77.22558898512722,
    "frc5700": 46.00000000000009,
    "frc581": 240.0104377286765,
    "frc5817": 134.26658143996428,
    "frc5940": 95.00000000000003,
    "frc6036": 125.08594276550281,
    "frc604": 125.08594276550309,
    "frc6238": 187.7346456512065,
    "frc6305": 198.99089094116752,
    "frc6418": 291.5561937639182,
    "frc649": 75.33333333333353,
    "frc6662": 94.99999999999997,
    "frc6665": 113.57401819200044,
    "frc670": 35.638775448296315,
    "frc6814": 155.77486595212008,
    "frc6962": -17.14803638400133,
    "frc701": 291.7636223110785,
    "frc7137": 157.06761226415148,
    "frc7419": 53.969796248957024,
    "frc766": 113.57401819200058,
    "frc7667": 201.28276655409582,
    "frc8": 163.3333333333334,
    "frc8033": 22.848940075949656,
    "frc8048": 95.0,
    "frc840": 265.41927609883635,
    "frc841": 232.51042374571932,
    "frc846": 240.78564902228365,
    "frc8793": 265.41927609883635,
    "frc9400": -100.17188553100576,
    "frc9470": -47.12460344665466,
    "frc971": 15.889379842844505,
    "frc972": 333.5916839828544
  },
  "oprs": {
    "frc10339": 132.43326100225858,
    "frc1072": 107.6666666666664,
    "frc114": 27.58781164131861,
    "frc115": 168.9203455678825,
    "frc1323": 263.64571088610114,
    "frc1671": 212.66541260630055,
    "frc1678": 108.87469191367904,
    "frc1868": 59.68555214355473,
    "frc192": 94.99999999999955,
    "frc1967": 122.45514692525438,
    "frc2073": 107.01158503373465,
    "frc2135": 107.66666666666639,
    "frc2204": -40.097160176678756,
    "frc253": 74.93177714627755,
    "frc254": 323.3409271191798,
    "frc2813": 155.41911888774348,
    "frc3045": 236.22957405966082,
    "frc3256": 23.899142188644944,
    "frc3257": 72.29425821403197,
    "frc3501": 106.08983772822796,
    "frc3598": 70.0000000000001,
    "frc3970": 240.2892880291289,
    "frc4135": 6.635434512977525,
    "frc4698": 70.00000000000011,
    "frc4990": 95.00000000000014,
    "frc5026": 126.76268244046148,
    "frc5104": 198.46172566370183,
    "frc5419": 78.77396463969069,
    "frc5507": 130.69415675223348,
    "frc5700": 70.0000000000001,
    "frc581": 275.4910433840288,
    "frc5817": 81.4548993515326,
    "frc5940": 163.33333333333346,
    "frc6036": 201.53942751267397,
    "frc604": 201.5394275126746,
    "frc6238": 329.78217063428394,
    "frc6305": 100.99366027452001,
    "frc6418": 108.50657570889524,
    "frc649": 107.66666666666661,
    "frc6662": 163.3333333333333,
    "frc6665": 95.94933984696439,
    "frc670": 164.6704087347894,
    "frc6814": 244.16696802513422,
    "frc6962": -53.89867969392898,
    "frc701": 203.80637333552954,
    "frc7137": 55.80787214755023,
    "frc7419": 79.73872731293812,
    "frc766": 95.94933984696479,
    "frc7667": -53.42692127677748,
    "frc8": 95.00000000000011,
    "frc8033": 41.14747983131085,
    "frc8048": 163.3333333333333,
    "frc840": 61.20609417934091,
    "frc841": 263.3393110002873,
    "frc846": 321.124715054238,
    "frc8793": 61.20609417934091,
    "frc9400": 167.92114497465167,
    "frc9470": 244.10501333403948,
    "frc971": 109.64910396597938,
    "frc972": 231.22616589767551
  }
}
