{
  "ccwms": {
    "frc10339": -188.53483165706012,
    "frc1072": 117.8642466888509,
    "frc114": -359.9989122808561,
    "frc115": 126.42789122092108,
    "frc1323": 702.568476831058,
    "frc1671": -54.14987806405293,
    "frc1678": 105.17629176749415,
    "frc1868": -3.2013978899328777,
    "frc192": -16.059260003326244,
    "frc1967": 40.22706350144324,
    "frc2073": 65.8515165382737,
    "frc2135": -155.07775168017577,
    "frc2204": 40.135315416523866,
    "frc253": -227.9240370604507,
    "frc254": 58.9842093330185,
    "frc2813": 290.27104195293873,
    "frc3045": -514.5014257626954,
    "frc3256": -633.654894158461,
    "frc3257": 186.67127118750795,
    "frc3501": -496.7160832549978,
    "frc3598": 111.61006750385945,
    "frc3970": -36.047680375432435,
    "frc4135": 64.42958976769341,
    "frc4698": -61.97713377291245,
    "frc4990": -483.59970820192314,
    "frc5026": 443.3226692347464,
    "frc5104": -615.22075471985,
    "frc5419": -141.13030979245343,
    "frc5507": -192.254560313414,
    "frc5700": -8.88094952831716,
    "frc581": -11.561175964392987,
    "frc5817": -167.8442575949208,
    "frc5940": 496.43371757442446,
    "frc6036": -238.1515797275365,
    "frc604": 43.24609780706487,
    "frc6238": -156.76329925907862,
    "frc6305": 260.176390144763,
    "frc6418": -93.96047349288301,
    "frc649": 110.64497495545265,
    "frc6662": -340.0950607414761,
    "frc6665": -264.1473279808504,
    "frc670": 63.188241997159366,
    "frc6814": 163.7856679949872,
    "frc6962": 64.36818138277499,
    "frc701": -166.2769229475656,
    "frc7137": -300.889266471929,
    "frc7419": 228.4993270615563,
    "frc766": 186.5809542482241,
    "frc7667": -377.2871578225179,
    "frc8": 282.27385076093583,
    "frc8033": -62.64798050333343,
    "frc8048": 25.453322276392782,
    "frc840": -107.54717157093364,
    "frc841": -31.427993913530003,
    "frc846": 108.86987196656742,
    "frc8793": 41.99331278401371,
    "frc9400": 629.6950106895943,
    "frc9470": 1080.8976534356761,
    "frc971": 23.43695514078081,
    "frc972": 358.42964373794257
  },
  "dprs": {
    "frc10339": 198.3748505722042,
    "frc1072": 9.601519821894954,
    "frc114": 478.4696324398851,
    "frc115": -96.47206195161925,
    "frc1323": -532.7489781071563,
    "frc1671": 92.38276273447309,
    "frc1678": 43.49713980532215,
    "frc1868": 150.04075876067805,
    "frc192": 263.5553753147692,
    "frc1967": 222.75741865528198,
    "frc2073": -2.9454348190693054,
    "frc2135": 201.69127647836604,
    "frc2204": 45.711099605744494,
    "frc253": 204.4860201928932,
    "frc254": 337.73457880546357,
    "frc2813": -166.4317094069536,
    "frc3045": 881.3983246658454,
    "frc3256": 626.003216396869,
    "frc3257": -30.445715978080443,
    "frc3501": 559.4619072116768,
    "frc3598": -165.37399133342842,
    "frc3970": 97.83269965936927,
    "frc4135": -152.39935888833043,
    "frc4698": 141.45621412625087,
    "frc4990": 324.86999750334076,
    "frc5026": -335.86446021079155,
    "frc5104": 825.28203940816,
    "frc5419": 213.64916865698444,
    "frc5507": 315.4722618591843,
    "frc5700": 192.11408508276327,
    "frc581": 352.817938501767,
    "frc5817": 159.16776017531038,
    "frc5940": -192.24118100917394,
    "frc6036": 458.428559988105,
    "frc604": 294.8468797251753,
    "frc6238": 350.89750159263076,
    "frc6305": -106.05833259339624,
    "frc6418": 170.4549780634233,
    "frc649": 31.63437328357122,
    "frc6662": 384.8923513382924,
    "frc6665": 209.24894827299613,
    "frc670": 173.48602399876108,
    "frc6814": -167.01407651236377,
    "frc6962": -4.128731594185865,
    "frc701": 328.148482406129,
    "frc7137": 360.9287553452946,
    "frc7419": -34.115924030010206,
    "frc766": -114.86580563129337,
    "frc7667": 450.628237013364,
    "frc8": -104.87107511119507,
    "frc8033": 216.3194095161166,
    "frc8048": 124.31324464807528,
    "frc840": -105.2017769414083,
    "frc841": 135.31153947379698,
    "frc846": 147.9949771009732,
    "frc8793": 188.7162357587822,
    "frc9400": -627.1424052995462,
    "frc9470": -758.8452822779791,
    "frc971": 239.54608623183685,
    "frc972": -145.75426719818006
  },
  "oprs": {
    "frc10339": 9.84001891514481,
    "frc1072": 127.4657665107452,
    "frc114": 118.47072015902813,
    "frc115": 29.95582926930183,
    "frc1323": 169.81949872390214,
    "frc1671": 38.2328846704213,
    "frc1678": 148.6734315728154,
    "frc1868": 146.83936087074653,
    "frc192": 247.49611531144274,
    "frc1967": 262.98448215672533,
    "frc2073": 62.90608171920758,
    "frc2135": 46.613524798189246,
    "frc2204": 85.84641502226623,
    "frc253": -23.43801686755978,
    "frc254": 396.7187881384816,
    "frc2813": 123.83933254598605,
    "frc3045": 366.8968989031491,
    "frc3256": -7.65167776159069,
    "frc3257": 156.2255552094275,
    "frc3501": 62.74582395667835,
    "frc3598": -53.76392382956874,
    "frc3970": 61.785019283937345,
    "frc4135": -87.96976912063747,
    "frc4698": 79.47908035333785,
    "frc4990": -158.72971069858204,
    "frc5026": 107.45820902395553,
    "frc5104": 210.06128468831594,
    "frc5419": 72.5188588645313,
    "frc5507": 123.21770154577143,
    "frc5700": 183.23313555444838,
    "frc581": 341.25676253737356,
    "frc5817": -8.67649741960895,
    "frc5940": 304.1925365652478,
    "frc6036": 220.27698026056532,
    "frc604": 338.09297753224155,
    "frc6238": 194.134202333551,
    "frc6305": 154.1180575513681,
    "frc6418": 76.49450457053968,
    "frc649": 142.2793482390225,
    "frc6662": 44.7972905968154,
    "frc6665": -54.898379707854474,
    "frc670": 236.67426599591954,
    "frc6814": -3.22840851737692,
    "frc6962": 60.23944978859049,
    "frc701": 161.87155945856375,
    "frc7137": 60.039488873366736,
    "frc7419": 194.38340303154587,
    "frc766": 71.71514861693049,
    "frc7667": 73.34107919084636,
    "frc8": 177.40277564974076,
    "frc8033": 153.6714290127827,
    "frc8048": 149.7665669244684,
    "frc840": -212.7489485123424,
    "frc841": 103.88354556026661,
    "frc846": 256.8648490675406,
    "frc8793": 230.70954854279603,
    "frc9400": 2.552605390048484,
    "frc9470": 322.05237115769705,
    "frc971": 262.98304137261675,
    "frc972": 212.6753765397616
  }
}
